001,2020-12-08T12:37:00.000+08:00
002,2020-12-08T12:37:00.000+08:00
002,2020-12-08T12:36:00.000+08:00
001,2020-12-08T12:36:00.000+08:00
001,2020-12-08T12:36:00.000+08:00
001,2020-12-08T12:36:00.000+08:00
001,2020-12-08T12:37:00.000+08:00
002,2020-12-08T12:37:00.000+08:00
002,2020-12-08T12:36:00.000+08:00
001,2020-12-08T12:36:00.000+08:00
001,2020-12-08T12:36:00.000+08:00
001,2020-12-08T12:36:00.000+08:00
001,2020-12-08T14:36:00.000+08:00
001,2020-12-08T14:36:00.000+08:00
002,2020-12-08T14:36:00.000+08:00
002,2020-12-08T14:36:00.000+08:00
